Size,Seconds
100,0.000004
100000,1.209229
1000,0.000131
10000,0.013052
100,0.000004
100000,1.270457
1000,0.000328
10000,0.013811
