Size,Seconds
70000,0.042413
60000,0.031213
100,0.000015
100000,0.082789
40000,0.014728
50000,0.022111
90000,0.070688
80000,0.052620
1000,0.000069
10000,0.001277
30000,0.008787
20000,0.004270
1000000,7.756814
700000,3.833071
600000,2.792874
300000,0.705277
200000,0.321781
900000,6.288210
800000,4.959561
400000,1.248458
500000,1.938218
