Size,Seconds
1000000,0.273285
4999996,1.379738
3999997,1.104388
2999998,0.831402
1999999,0.552405
