Size,Seconds
1000000,0.279064
4999996,1.383819
3999997,1.108550
2999998,0.828815
9999991,2.783787
1999999,0.558195
