Size,Seconds
1000000,3.323388
70000,0.032710
60000,0.026168
1000,0.000311
40000,0.015896
100000,0.032310
50000,0.020455
90000,0.046723
4999996,77.230404
3999997,49.716436
80000,0.039719
2999998,28.419311
10000,0.002897
30000,0.011395
20000,0.006883
9999991,307.556522
1999999,12.754049
