Size,Seconds
1000000,0.305352
70000,0.021781
60000,0.017792
1001,0.000350
40000,0.011517
100001,0.033803
50000,0.014677
90000,0.028505
4999996,1.526561
3999997,1.215621
80000,0.023047
2999998,0.908657
10001,0.003514
30000,0.009387
20000,0.005971
9999991,3.057511
1999999,0.601803
