Size,Seconds
700000,1.698422
90000,0.047237
1000,0.000406
900000,2.737486
500000,0.900313
80000,0.040142
100000,0.055086

300000,0.354596
600000,1.263894
20000,0.006926
60000,0.026743
800000,2.189772
400000,0.594797
1000000,3.324825
40000,0.015627
30000,0.010526
10000,0.002789
50000,0.021520
70000,0.032419
200000,0.171423
