Size,Seconds
100001,0.029589
1001,0.000299
10000001,3.144051
1000001,0.305936
10001,0.002712
100001,0.029667
1001,0.000287
10000001,3.185802
1000001,0.301249
10001,0.002721
100001,0.039088
1001,0.000495
10000001,4.357905
1000001,0.406024
10001,0.004039
