Size,Seconds
1000000,7.818980
700000,3.920963
600000,2.835144
300000,0.712530
200000,0.320101
900000,6.501392
800000,5.019748
400000,1.260809
500000,1.962814
1000000,7.839974
700000,3.874723
600000,2.838812
300000,0.714828
200000,0.321220
900000,6.345648
800000,5.013261
400000,1.257278
500000,1.971678
