Size,Seconds
1000000,1.802366
70000,0.025589
60000,0.020565
1000,0.000294
40000,0.013099
100000,0.028524
50000,0.016501
90000,0.034926
4999996,40.795830
3999997,25.643210
80000,0.030643
2999998,14.635398
10000,0.002757
30000,0.009107
20000,0.005952
9999991,156.930318
1999999,6.652343
