Size,Seconds
100001,0.031835
1001,0.000265
10000001,3.000926
1000001,0.288729
10001,0.002599
