Size,Seconds
700000,0.358526
90000,0.044949
1000,0.000454
900000,0.460361
500000,0.254648
80000,0.039052
100000,0.047605
100,0.000158
300000,0.148698
600000,0.305159
20000,0.009181
60000,0.029536
800000,0.406975
400000,0.201839
1000000,0.517396
40000,0.019736
30000,0.016489
10000,0.004596
50000,0.024938
70000,0.034140
200000,0.098508
100001,0.048353
1001,0.000572
10000001,5.955056
1000001,0.526069
10001,0.004649
