Size,Seconds
700000,1.754225
90000,0.047926
1000,0.000303
900000,2.788393
500000,0.908719
80000,0.041699
100000,0.056418
100,0.000033
300000,0.356500
600000,1.273844
20000,0.006671
60000,0.026519
800000,2.233770
400000,0.637581
1000000,3.530218
40000,0.015532
30000,0.011023
10000,0.003170
50000,0.020785
70000,0.032998
200000,0.170645
