Size,Seconds
70000,0.042389
60000,0.030721
100,0.000019
100000,0.082554
40000,0.014284
50000,0.021838
90000,0.067189
80000,0.053073
1000,0.000061
10000,0.001262
30000,0.008425
20000,0.004181
70000,0.041878
60000,0.031235
100,0.000013
100000,0.083174
40000,0.015794
50000,0.022044
90000,0.066757
80000,0.053506
1000,0.000054
10000,0.001232
30000,0.009971
20000,0.004153
