Size,Seconds
1000000,0.284427
700000,0.197440
600000,0.166131
300000,0.083211
200000,0.054943
900000,0.247043
800000,0.221968
400000,0.112615
500000,0.139014
