Size,Seconds
100001,0.031934
1001,0.000284
1000001,0.317303
10001,0.003117
