Size,Seconds
700000,1.678776
90000,0.047963
1000,0.000354
900000,2.705804
500000,0.890845
80000,0.044254
100000,0.054947

300000,0.352690
600000,1.249059
20000,0.006156
60000,0.027326
800000,2.149273
400000,0.587061
1000000,3.298521
40000,0.015846
30000,0.011880
10000,0.003177
50000,0.021066
70000,0.032234
200000,0.169823
