Size,Seconds
1000000,1.668524
100,0.000007
100000,0.022149
700000,0.806566
600000,0.592259
300000,0.162610
200000,0.075047
900000,1.346092
800000,1.044640
1000,0.000113
10000,0.000665
400000,0.271614
500000,0.417838
1000000,1.624208
100,0.000019
100000,0.022280
700000,0.879301
600000,0.597288
300000,0.158079
200000,0.073936
900000,1.303994
800000,1.060997
1000,0.000060
10000,0.000720
400000,0.290724
500000,0.421971
