Size,Seconds
700000,0.363540
90000,0.044170
1000,0.000428
900000,0.472473
500000,0.258246
80000,0.038772
100000,0.049176
100,0.000183
300000,0.154464
600000,0.312697
20000,0.009355
60000,0.030541
800000,0.420737
400000,0.209535
1000000,0.532608
40000,0.023354
30000,0.015095
10000,0.004911
50000,0.025635
70000,0.033659
200000,0.099579
